record_id,benchmark,case,scheme,status,error,poly_modulus_degree,coeff_modulus,plain_modulus_bits,log2_scale,slot_count,compiler_path,cse,const_folding,compile_time_ms,compile_runs,exec_time_ms,exec_time_min_ms,exec_time_max_ms,exec_warmup_runs,exec_measured_runs,eval_time_ms,eval_runs_per_process,depth,xdepth,op_add,op_add_plain,op_sub,op_sub_plain,op_multiply,op_multiply_plain,op_square,op_relinearize,op_rescale,op_mod_switch,op_rotate,op_negate,bfv_outputs_match,bfv_noise_budget_bits,ckks_fhe_max_abs_error,ckks_tolerance,ckks_chain_index_start,ckks_chain_index_end,ckks_levels_consumed,ckks_expected_levels,ckks_output_log2_scale,ckks_approx_error_test_points,ckks_max_fit_error
extract_ckks_fixed,extract_ckks,fixed,CKKS,PASS,,32768,"CoeffModulus::Create(n, {60, 40, 40, 40, 40, 40, 40, 40, 40, 40, 40, 60})",,40,8,scalar (simplification_ruleset),1,1,0.765334,3,125.214,122.404,142.827,1,3,69.3164,3,2,1,0,0,0,0,0,1,0,0,1,0,1,0,,,4.75688e-06,0.0001,10,9,1,1,40.0000021,,
extract_ckks_dense,extract_ckks,dense,CKKS,PASS,,32768,"CoeffModulus::Create(n, {60, 40, 40, 40, 40, 40, 40, 40, 40, 40, 40, 60})",,40,256,scalar (simplification_ruleset),1,1,6.46321,3,140.109,130.261,140.795,1,3,68.2336,3,2,1,0,0,0,0,0,1,0,0,1,0,1,0,,,9.9959e-06,0.0001,10,9,1,1,40.0000021,,
extract_linear_ckks_fixed,extract_linear_ckks,fixed,CKKS,PASS,,32768,"CoeffModulus::Create(n, {60, 40, 40, 40, 40, 40, 40, 40, 40, 40, 40, 60})",,40,8,scalar (simplification_ruleset),1,1,0.755917,3,145.993,142.124,158.71,1,3,73.1282,3,2,1,0,0,0,0,0,1,0,0,1,0,1,0,,,2.96774e-06,0.0001,10,9,1,1,40.0000021,,
extract_linear_ckks_dense,extract_linear_ckks,dense,CKKS,PASS,,32768,"CoeffModulus::Create(n, {60, 40, 40, 40, 40, 40, 40, 40, 40, 40, 40, 60})",,40,256,scalar (simplification_ruleset),1,1,0.89,3,138.164,122.724,144.529,1,3,67.2523,3,2,1,0,0,0,0,0,1,0,0,1,0,1,0,,,3.73591e-06,0.0001,10,9,1,1,40.0000021,,
extract_sparse_ckks_fixed,extract_sparse_ckks,fixed,CKKS,PASS,,32768,"CoeffModulus::Create(n, {60, 40, 40, 40, 40, 40, 40, 40, 40, 40, 40, 60})",,40,8,scalar (simplification_ruleset),1,1,0.917542,3,235.228,235.018,248.556,1,3,134.608,3,3,1,1,0,0,0,0,2,0,0,2,0,2,0,,,1.62904e-05,0.0001,10,9,1,1,40.0000021,,
extract_sparse_ckks_dense,extract_sparse_ckks,dense,CKKS,PASS,,32768,"CoeffModulus::Create(n, {60, 40, 40, 40, 40, 40, 40, 40, 40, 40, 40, 60})",,40,256,scalar (simplification_ruleset),1,1,1.35862,3,310.312,310.057,325.266,1,3,200.78,3,3,1,1,0,0,0,0,3,0,0,3,0,3,0,,,9.9666e-06,0.0001,10,9,1,1,40.0000021,,
table_mult_ckks_fixed,table_mult_ckks,fixed,CKKS,PASS,,32768,"CoeffModulus::Create(n, {60, 40, 40, 40, 40, 40, 40, 40, 40, 40, 40, 60})",,40,8,scalar (simplification_ruleset),1,1,1.01196,3,705.384,603.632,718.649,1,3,524.54,3,7,1,9,0,0,0,0,3,0,0,3,0,9,0,,,1.73844e-05,0.0001,10,9,1,1,40.0000021,,
table_mult_ckks_dense,table_mult_ckks,dense,CKKS,PASS,,32768,"CoeffModulus::Create(n, {60, 40, 40, 40, 40, 40, 40, 40, 40, 40, 40, 60})",,40,256,scalar (simplification_ruleset),1,1,1.39242,3,1548.66,1529.46,1567.15,1,3,1327.85,3,17,1,24,0,0,0,0,3,0,0,3,0,24,0,,,6.25076e-05,0.0001,10,9,1,1,40.0000021,,
embedding_ckks_fixed,embedding_ckks,fixed,CKKS,PASS,,32768,"CoeffModulus::Create(n, {60, 40, 40, 40, 40, 40, 40, 40, 40, 40, 40, 60})",,40,8,scalar (simplification_ruleset),1,1,1.85654,3,755.352,727.79,762.938,1,3,642.668,3,11,2,11,0,0,0,0,6,0,0,6,0,11,0,,,1.54266e-05,0.0001,10,8,2,2,40.0000072,,
embedding_ckks_dense,embedding_ckks,dense,CKKS,PASS,,32768,"CoeffModulus::Create(n, {60, 40, 40, 40, 40, 40, 40, 40, 40, 40, 40, 60})",,40,256,scalar (simplification_ruleset),1,1,1.43813,3,1680.99,1674.99,1835.15,1,3,1492.9,3,21,2,26,0,0,0,0,6,0,0,6,0,26,0,,,2.61419e-05,0.0001,10,8,2,2,40.0000072,,
