record_id,benchmark,case,scheme,status,error,poly_modulus_degree,coeff_modulus,plain_modulus_bits,log2_scale,slot_count,compiler_path,cse,const_folding,compile_time_ms,compile_runs,exec_time_ms,exec_time_min_ms,exec_time_max_ms,exec_warmup_runs,exec_measured_runs,eval_time_ms,eval_runs_per_process,depth,xdepth,op_add,op_add_plain,op_sub,op_sub_plain,op_multiply,op_multiply_plain,op_square,op_relinearize,op_rescale,op_mod_switch,op_rotate,op_negate,bfv_outputs_match,bfv_noise_budget_bits,ckks_fhe_max_abs_error,ckks_tolerance,ckks_chain_index_start,ckks_chain_index_end,ckks_levels_consumed,ckks_expected_levels,ckks_output_log2_scale,ckks_approx_error_test_points,ckks_max_fit_error
nn_linear_4,nn_linear,4,BFV,PASS,,16384,CoeffModulus::BFVDefault(16384),20,,4,scalar (simplification_ruleset),1,1,0.513084,3,555.638,544.231,665.37,1,10,,,5,1,16,0,0,0,16,0,0,16,0,0,0,0,1,327,,,,,,,,,
nn_conv2d_4,nn_conv2d,4,BFV,PASS,,16384,CoeffModulus::BFVDefault(16384),20,,4,scalar (simplification_ruleset),1,1,0.670542,3,1156.54,1113.38,1418.57,1,10,,,10,1,36,0,0,0,36,0,0,36,0,0,0,0,1,327,,,,,,,,,
nn_avgpool2d_4,nn_avgpool2d,4,BFV,PASS,,16384,CoeffModulus::BFVDefault(16384),20,,4,scalar (simplification_ruleset),1,1,0.373292,3,80.99805,76.361,85.2507,1,10,,,3,0,12,0,0,0,0,0,0,0,0,0,0,0,1,360,,,,,,,,,
quad_ckks_fixed,quad_ckks,fixed,CKKS,PASS,,32768,"CoeffModulus::Create(n, {60, 40, 40, 40, 40, 40, 40, 40, 40, 40, 40, 60})",,40,8,scalar (simplification_ruleset),1,1,0.343667,3,60.729150000000004,59.4592,68.8671,1,10,37.007000000000005,10,1,1,0,0,0,0,1,0,0,1,1,0,0,0,,,4.86705e-08,1e-06,10,9,1,1,40.0000021,,
quad_ckks_dense,quad_ckks,dense,CKKS,PASS,,32768,"CoeffModulus::Create(n, {60, 40, 40, 40, 40, 40, 40, 40, 40, 40, 40, 60})",,40,256,scalar (simplification_ruleset),1,1,0.518208,3,61.165099999999995,60.0202,66.1961,1,10,36.79295,10,1,1,0,0,0,0,1,0,0,1,1,0,0,0,,,9.22849e-08,1e-06,10,9,1,1,40.0000021,,
batchnorm1d_ckks_fixed,batchnorm1d_ckks,fixed,CKKS,PASS,,32768,"CoeffModulus::Create(n, {60, 40, 40, 40, 40, 40, 40, 40, 40, 40, 40, 60})",,40,8,scalar (simplification_ruleset),1,1,0.598833,3,35.25985,32.316,52.2781,1,10,10.2,10,2,1,0,1,0,0,0,1,0,0,1,0,0,0,,,1.62293e-08,1e-06,10,9,1,1,40.0000021,,
batchnorm1d_ckks_dense,batchnorm1d_ckks,dense,CKKS,PASS,,32768,"CoeffModulus::Create(n, {60, 40, 40, 40, 40, 40, 40, 40, 40, 40, 40, 60})",,40,48,scalar (simplification_ruleset),1,1,0.430709,3,34.2866,32.6627,36.295,1,10,10.7812,10,2,1,0,1,0,0,0,1,0,0,1,0,0,0,,,4.22439e-08,1e-06,10,9,1,1,40.0000021,,
batchnorm2d_ckks_fixed,batchnorm2d_ckks,fixed,CKKS,PASS,,32768,"CoeffModulus::Create(n, {60, 40, 40, 40, 40, 40, 40, 40, 40, 40, 40, 60})",,40,8,scalar (simplification_ruleset),1,1,0.426,3,34.2387,31.908,82.7396,1,10,10.1069,10,2,1,0,1,0,0,0,1,0,0,1,0,0,0,,,1.80254e-08,1e-06,10,9,1,1,40.0000021,,
batchnorm2d_ckks_dense,batchnorm2d_ckks,dense,CKKS,PASS,,32768,"CoeffModulus::Create(n, {60, 40, 40, 40, 40, 40, 40, 40, 40, 40, 40, 60})",,40,96,scalar (simplification_ruleset),1,1,0.430584,3,33.089749999999995,32.6335,35.6222,1,10,10.81625,10,2,1,0,1,0,0,0,1,0,0,1,0,0,0,,,3.08734e-08,1e-06,10,9,1,1,40.0000021,,
chebyshev_gelu_d7_ckks_fixed,chebyshev_gelu_d7_ckks,fixed,CKKS,PASS,,32768,"CoeffModulus::Create(n, {60, 40, 40, 40, 40, 40, 40, 40, 40, 40, 40, 60})",,40,9,scalar (simplification_ruleset),1,1,0.533084,3,203.40300000000002,201.767,225.915,1,10,174.9875,10,19,7,8,1,4,1,5,12,0,5,17,10,0,0,,,6.15449e-08,1e-06,10,3,7,7,40.0000662,0.0581538,0.0581538
chebyshev_gelu_d7_ckks_dense,chebyshev_gelu_d7_ckks,dense,CKKS,PASS,,32768,"CoeffModulus::Create(n, {60, 40, 40, 40, 40, 40, 40, 40, 40, 40, 40, 60})",,40,256,scalar (simplification_ruleset),1,1,0.878083,3,203.822,202.281,212.843,1,10,175.31,10,19,7,8,1,4,1,5,12,0,5,17,10,0,0,,,1.2843e-07,1e-06,10,3,7,7,40.0000662,0.0470933,0.0581538
chebyshev_silu_d7_ckks_fixed,chebyshev_silu_d7_ckks,fixed,CKKS,PASS,,32768,"CoeffModulus::Create(n, {60, 40, 40, 40, 40, 40, 40, 40, 40, 40, 40, 60})",,40,9,scalar (simplification_ruleset),1,1,0.562125,3,203.4315,201.289,210.33,1,10,174.9475,10,19,7,8,1,4,1,5,12,0,5,17,10,0,0,,,5.74043e-08,1e-06,10,3,7,7,40.0000662,0.0172606,0.0172606
chebyshev_silu_d7_ckks_dense,chebyshev_silu_d7_ckks,dense,CKKS,PASS,,32768,"CoeffModulus::Create(n, {60, 40, 40, 40, 40, 40, 40, 40, 40, 40, 40, 60})",,40,256,scalar (simplification_ruleset),1,1,0.73225,3,210.193,207.111,231.583,1,10,182.928,10,19,7,8,1,4,1,5,12,0,5,17,10,0,0,,,1.487e-07,1e-06,10,3,7,7,40.0000662,0.013855,0.0172606
chebyshev_sigmoid_d7_ckks_fixed,chebyshev_sigmoid_d7_ckks,fixed,CKKS,PASS,,32768,"CoeffModulus::Create(n, {60, 40, 40, 40, 40, 40, 40, 40, 40, 40, 40, 60})",,40,9,scalar (simplification_ruleset),1,1,0.603416,3,215.82150000000001,212.257,238.649,1,10,186.687,10,22,8,9,1,5,1,6,13,0,6,19,13,0,0,,,4.63839e-08,1e-06,10,2,8,8,40.0000802,0.002824,0.002824
chebyshev_sigmoid_d7_ckks_dense,chebyshev_sigmoid_d7_ckks,dense,CKKS,PASS,,32768,"CoeffModulus::Create(n, {60, 40, 40, 40, 40, 40, 40, 40, 40, 40, 40, 60})",,40,256,scalar (simplification_ruleset),1,1,1.06321,3,216.868,214.192,228.34,1,10,185.99349999999998,10,22,8,9,1,5,1,6,13,0,6,19,13,0,0,,,8.14955e-08,1e-06,10,2,8,8,40.0000802,0.0021268,0.002824
chebyshev_elu_d7_ckks_fixed,chebyshev_elu_d7_ckks,fixed,CKKS,PASS,,32768,"CoeffModulus::Create(n, {60, 40, 40, 40, 40, 40, 40, 40, 40, 40, 40, 60})",,40,9,scalar (simplification_ruleset),1,1,0.681417,3,239.5395,236.432,278.503,1,10,209.50150000000002,10,22,8,12,1,5,1,6,19,0,6,25,10,0,0,,,8.52112e-08,1e-06,10,2,8,8,40.0000802,0.0427493,0.0427493
chebyshev_elu_d7_ckks_dense,chebyshev_elu_d7_ckks,dense,CKKS,PASS,,32768,"CoeffModulus::Create(n, {60, 40, 40, 40, 40, 40, 40, 40, 40, 40, 40, 60})",,40,256,scalar (simplification_ruleset),1,1,0.630625,3,239.90550000000002,235.802,245.651,1,10,208.06650000000002,10,22,8,12,1,5,1,6,19,0,6,25,10,0,0,,,1.42352e-07,1e-06,10,2,8,8,40.0000802,0.0330832,0.0427493
chebyshev_selu_d7_ckks_fixed,chebyshev_selu_d7_ckks,fixed,CKKS,PASS,,32768,"CoeffModulus::Create(n, {60, 40, 40, 40, 40, 40, 40, 40, 40, 40, 40, 60})",,40,9,scalar (simplification_ruleset),1,1,0.511667,3,239.515,236.401,241.998,1,10,209.2765,10,22,8,12,1,5,1,6,19,0,6,25,10,0,0,,,1.50878e-07,1e-06,10,2,8,8,40.0000802,0.0947603,0.0947603
chebyshev_selu_d7_ckks_dense,chebyshev_selu_d7_ckks,dense,CKKS,PASS,,32768,"CoeffModulus::Create(n, {60, 40, 40, 40, 40, 40, 40, 40, 40, 40, 40, 60})",,40,256,scalar (simplification_ruleset),1,1,1.02175,3,237.466,236.19,244.823,1,10,208.24200000000002,10,22,8,12,1,5,1,6,19,0,6,25,10,0,0,,,1.80989e-07,1e-06,10,2,8,8,40.0000802,0.0892641,0.0947603
chebyshev_softplus_d7_ckks_fixed,chebyshev_softplus_d7_ckks,fixed,CKKS,PASS,,32768,"CoeffModulus::Create(n, {60, 40, 40, 40, 40, 40, 40, 40, 40, 40, 40, 60})",,40,9,scalar (simplification_ruleset),1,1,0.38625,3,205.5805,201.329,230.016,1,10,174.8675,10,19,7,8,1,4,1,5,12,0,5,17,10,0,0,,,5.98498e-08,1e-06,10,3,7,7,40.0000662,0.00357233,0.00357233
chebyshev_softplus_d7_ckks_dense,chebyshev_softplus_d7_ckks,dense,CKKS,PASS,,32768,"CoeffModulus::Create(n, {60, 40, 40, 40, 40, 40, 40, 40, 40, 40, 40, 60})",,40,256,scalar (simplification_ruleset),1,1,0.568958,3,203.248,201.768,210.166,1,10,174.841,10,19,7,8,1,4,1,5,12,0,5,17,10,0,0,,,1.63476e-07,1e-06,10,3,7,7,40.0000662,0.00285445,0.00357233
chebyshev_mish_d7_ckks_fixed,chebyshev_mish_d7_ckks,fixed,CKKS,PASS,,32768,"CoeffModulus::Create(n, {60, 40, 40, 40, 40, 40, 40, 40, 40, 40, 40, 60})",,40,9,scalar (simplification_ruleset),1,1,0.456166,3,240.406,236.925,248.863,1,10,208.6565,10,22,8,12,1,5,1,6,19,0,6,25,10,0,0,,,8.6169e-08,1e-06,10,2,8,8,40.0000802,0.03818,0.03818
chebyshev_mish_d7_ckks_dense,chebyshev_mish_d7_ckks,dense,CKKS,PASS,,32768,"CoeffModulus::Create(n, {60, 40, 40, 40, 40, 40, 40, 40, 40, 40, 40, 60})",,40,256,scalar (simplification_ruleset),1,1,0.989083,3,240.7345,236.617,277.812,1,10,209.4195,10,22,8,12,1,5,1,6,19,0,6,25,10,0,0,,,1.53491e-07,1e-06,10,2,8,8,40.0000802,0.0258338,0.03818
chebyshev_hardshrink_d7_ckks_fixed,chebyshev_hardshrink_d7_ckks,fixed,CKKS,PASS,,32768,"CoeffModulus::Create(n, {60, 40, 40, 40, 40, 40, 40, 40, 40, 40, 40, 60})",,40,9,scalar (simplification_ruleset),1,1,0.426834,3,214.7905,212.05,229.346,1,10,184.763,10,21,8,9,0,5,1,6,13,0,6,19,13,0,0,,,8.16584e-08,1e-06,10,2,8,8,40.0000802,0.050663,0.464224
chebyshev_hardshrink_d7_ckks_dense,chebyshev_hardshrink_d7_ckks,dense,CKKS,PASS,,32768,"CoeffModulus::Create(n, {60, 40, 40, 40, 40, 40, 40, 40, 40, 40, 40, 60})",,40,256,scalar (simplification_ruleset),1,1,0.856041,3,213.3355,212.241,220.711,1,10,184.64049999999997,10,21,8,9,0,5,1,6,13,0,6,19,13,0,0,,,1.29169e-07,1e-06,10,2,8,8,40.0000802,0.455449,0.464224
